data;extrativas;produtos_alimenticios;bebidas;produtos_do_fumo;produtos_texteis;vestuario_ e_acessorios;couro_e_calcados;produtos_de_madeira;celulose_e_papel;impressao_e_gravacoes;coque_petroleo_biocombustiveis;produtos_de_limpeza;produtos_químicos;produto_farmoquimicos_e_farmaceuticos;produtos_de_borracha_e_plastico;produtos_de_minerais_nao_metalicos;metalurgia;produtos_de_metal;informatica;materiais_eletricos;maquinas_e_equipamentos;veiculos_automotores;equipamentos_de_transporte;moveis;produtos_diversos;manutencao_maquinas
jan/02;62,4;77,4;62,6;67,2;117,4;93,2;133,9;100,7;74;;84,7;71,4;77,6;46,1;85,4;72,5;82,6;77,2;76,3;66,7;57,1;52;34;79,3;87,8;
fev/02;58,9;71,4;57,8;96,7;117,2;100,1;122,9;91,1;67,8;;78,1;68,7;70,7;63,5;80,4;69,7;80,4;82,4;71,9;61,2;61,3;53,1;30,8;67,7;76,5;
mar/02;67,8;76;60,7;181,9;126,4;117,4;146,3;103,7;73,2;;88,3;77,5;73,4;71,5;88,7;76,2;86,9;84,9;83,7;65,6;67,8;61,2;36,6;79,8;81,1;
abr/02;66,5;80,7;62,7;207,9;132;125,5;157;106,9;72,8;;86,3;74,7;73,9;75,7;94,4;76,9;83,3;94,3;92;71,3;70,2;65,7;41,1;86,1;83,1;
mai/02;68,2;88,9;62,3;193,8;125,5;121;151,1;107,7;70,8;;93,1;76,7;81,2;64,9;93,4;77,7;88,9;88,9;84,5;65,4;71,5;61,6;39,8;80,5;82,5;
jun/02;67,9;93,4;60,5;164,6;119,1;113,3;117,3;108,4;71,3;;89,4;71,6;83,6;68,5;83,6;74,4;86,9;81,5;76,5;61,8;65,7;55,9;36,7;73,9;76,8;
jul/02;70,4;105,2;60,2;127,7;123,9;134,7;148,4;116,7;75,8;;99,1;74;89;72,1;88,9;77,5;91,1;87,1;95,2;64,2;70,2;58,1;41;82,2;93,1;
ago/02;70,8;107,5;67,3;65,7;130,2;142,1;153,3;115,5;78,5;;97,4;80,5;90,2;76,6;88,3;80,2;92,8;86,9;79,8;67,9;72,5;54,3;44,8;82,9;98,6;
set/02;67;102,2;66,6;56,4;126,6;137,8;166,5;115,1;73,9;;90,6;78,8;95,1;65,1;86,8;78,1;90,5;87,4;78,3;72,8;71,2;58,2;43,2;87,1;102,3;
out/02;70,6;110,7;83,4;54,6;141,4;148,9;181;122,9;79,6;;94,5;85,5;94,7;78,8;96,5;84,4;96,2;94,4;88,2;76,9;78,8;64,6;47,5;104,5;112,3;
nov/02;67;94,2;82,9;57,9;137,2;146,1;180,3;118,1;79,3;;87,2;84,4;90,5;69,7;92,5;81,5;92,2;87,1;86;75,4;77,2;60,9;45,1;97,8;101,6;
dez/02;63,9;82,6;88,4;52;107,5;93,9;139;107,6;77,4;;77,5;71,1;81,6;70,3;83,4;75,4;92,3;74,2;69,8;74,3;66,1;47,8;35,8;82,1;83,8;
jan/03;68,6;78,8;62,6;60,1;115,3;86,2;135,5;113;78,9;;79,9;73;83,1;41,9;86,6;74,1;91,7;80,2;55,9;68,5;64,4;57,9;42,2;70,4;76,9;
fev/03;63,5;71,7;60,8;105,3;116,8;97,4;126,9;110,1;74,5;;71,6;66,9;73,9;62,9;83,8;71,6;85,5;79,4;61,6;69,1;72;58,9;41,5;67,6;73,7;
mar/03;71,9;75,7;63,9;202,3;123,3;97;127,6;110,5;78;;87;73,2;81,1;59,2;84,9;75,1;97,4;82,2;63,1;67;71;58;38,9;64;78,1;
abr/03;69,1;77,3;56,7;191,9;116,8;98,1;134,7;110,5;78,8;;85,1;72,4;79,6;62,2;81,7;70,7;93;82,8;75,5;68,2;72,1;57,3;41,6;70,3;79;
mai/03;73,1;89,4;58;187,2;119,3;106,1;129,2;114,7;76,2;;88,7;80,5;80,9;66,6;83,2;75,5;96,3;83,1;76,6;64,8;71,8;60,8;43;72,9;84;
jun/03;66,3;90,4;56;135,9;114,7;104,5;114,9;108;76,2;;88,3;74,2;79,9;64,4;80,1;71,5;92,5;76,5;74,3;62,2;66;55,4;41,2;66,4;81,1;
jul/03;70,5;101,1;62,2;71,8;118,4;116,3;130,8;115,9;79,7;;93,9;75,4;88,9;67,5;85,1;75,6;95,3;81,2;87,5;68,6;73,1;58,2;42,6;74,6;87,9;
ago/03;73,3;103,8;60;53,9;123,4;118,5;135,1;114,7;79,9;;93,1;79,1;91,2;68,3;85,7;75,6;96,4;75,8;81;69,6;71,3;57,3;45,1;74,7;89,6;
set/03;70,9;105,8;64,6;50,1;126,7;130,3;145,3;122,1;81,7;;97,3;80,7;97,2;73,6;86,1;74,8;95,3;85,1;96,1;79,8;76,8;64,2;48,2;80,3;106,5;
out/03;73;107,3;74,3;56,8;136,4;139,2;164,6;131,4;84,3;;96,4;89,2;99,4;66,9;95,6;80,7;95,9;87,6;114,9;85,2;85,3;67,3;51,9;94,5;114,5;
nov/03;69,7;91,8;73,5;54,4;129,6;131,5;159,7;122,3;80,6;;82;82,2;90,3;70;90,6;75;94,9;81,2;122,7;80,7;82,2;66,1;46,5;91,7;101;
dez/03;70,5;80,9;89,5;50,3;104,7;78,8;119,4;112,9;81,3;;79,7;76,7;85,6;56,1;82,1;71,2;93,4;76,8;89,1;73,5;72,1;55,7;37,1;80,9;83,6;
jan/04;68,5;77,8;65;56,6;115,1;74,6;120,6;116,6;84,3;;85,8;77,1;84,1;44,7;86,1;72,8;91,6;80,2;76,4;72;69,9;64,1;42,3;72,5;83,9;
fev/04;66,3;73;61,6;74,9;115,3;82,9;118,9;109,7;79,1;;82,7;69,8;76,4;46,2;84,6;69;90,5;77,1;72,3;70,7;73,3;64,3;38;64,7;77,8;
mar/04;71,5;82,8;63,9;194,6;134,3;107;135,8;132,6;85,7;;89;90,6;88,4;69,4;96,7;78,2;98,1;93,5;99,2;79,8;88;81,9;51;81,1;100,6;
abr/04;69,7;79;64,8;213,1;126,1;101,8;120,7;124,8;81,6;;86;68,7;82,4;67,3;88,8;73,9;94,9;84,9;98,1;79,3;79,4;73,9;48,2;73,6;90,1;
mai/04;71,6;90;60,5;221;133,7;104,6;126;124;86,3;;84,9;89,7;89;74,3;92,1;78,3;100,7;88,5;100,1;78,7;83,9;78,4;50,6;77,7;94,1;
jun/04;72,5;96,2;55,9;198,4;135,6;112,2;126,8;124,2;84,1;;83,7;89,8;92;66,8;90,9;77,3;98,4;86,8;100,7;74,9;85,5;79,2;49,4;72,8;99,1;
jul/04;75,8;103,1;63;201,8;145,1;125,6;137,3;128;86,6;;90,5;91,7;94,6;62,6;95,9;81,6;99,6;96,5;99,9;78;88,9;82,5;45,2;76,4;102,4;
ago/04;78,8;108,3;64,1;101,9;146,8;133;145,9;132,6;86,8;;91,4;93,9;99,1;72,3;97,1;84,7;101,8;95,5;103,5;83,4;93,9;83,9;50,2;79,5;110,6;
set/04;75,5;110,3;76,7;52,6;141,7;136,6;159,6;133,3;85,2;;93,9;91,3;101,5;71,4;97,1;81,6;99,3;94,8;99,6;82,9;91,5;83,9;52,6;77,4;103,9;
out/04;77,6;105,9;81,7;50,5;147,1;134,4;165,4;131,8;89,2;;97,9;91,3;104,8;69,6;95,6;82,2;101;93,7;110,7;84,3;95,5;81,9;51,3;82;108,4;
nov/04;73,9;101,7;81,1;49,7;139,8;134;169,8;124,9;86,7;;90;92;99,2;63,2;94,1;79,5;96,3;90;130,1;83;92,5;83,9;50,8;89,2;110,9;
dez/04;75,2;90;88,9;49,1;108,1;91,5;134,9;111,1;87,3;;91,4;87,7;90,9;58,2;86,1;75,9;93,4;86,5;101,4;75,1;77,1;71,8;43,8;80,4;96,6;
jan/05;73,6;81,9;72,3;54,2;117,5;81;128,4;119,3;86,7;;87,5;84,5;84,4;52,6;85,3;76,8;92;82;82,9;71,7;75,9;73;42,5;66,6;96,7;
fev/05;67,3;74;62,9;63,8;121,9;88;120,1;113,3;79;;75;84,9;77,6;51,6;84,6;73,2;89,9;85;80,5;71,5;78,4;74,5;40,8;64;86,9;
mar/05;76,2;82,7;69;150;129,9;108,7;136;131,9;88,7;;85,4;93,4;86,5;79,8;93,4;80;97,5;96,8;105,1;84,6;89,2;87,9;53,7;79,9;104,9;
abr/05;79,3;84,3;71,9;206;132,2;108,7;129,7;126,2;84,9;;81,9;91,5;85,4;76,3;92;80;95,2;89,7;111,4;80,3;83,3;84,1;50,2;78,3;92,6;
mai/05;84,1;92,7;66;234,4;134,5;108,9;127,1;126,6;88,6;;93,6;89,2;89,4;77,7;94,4;81,5;94,3;90,2;125,9;83,5;84,2;85,5;52,3;85,8;88,1;
jun/05;83,7;99;67;213,3;133,1;112,1;126,2;124,4;86,5;;88,5;92,8;88,2;73,9;92,5;80,5;93,1;90,4;130,2;78,8;87,1;90,1;55,3;83,5;103,3;
jul/05;84,1;101,6;62,5;166,8;133,2;111;127,4;118,4;90,4;;98,2;90,4;91,5;73,3;90,2;80,4;92,8;88,6;120,9;76,1;81,3;83,7;46,3;76,4;103,8;
ago/05;85;109,6;70,9;132,3;140,1;119,5;142,4;120,4;86,6;;101,1;90,9;96,8;88,3;96,7;84,8;98,8;96,3;121,9;83,9;91;88,5;58,3;79,6;121,2;
set/05;83,5;105,4;76,6;57,8;136,2;120,4;140,5;115;86,8;;95,4;85,2;102,2;76,1;92,2;81,9;98;89,7;120,2;80,3;87,7;82,7;53,4;72;118,9;
out/05;86;105,1;82,2;56,3;137,6;118,6;149,7;111,3;90,6;;100,3;86,5;104;78,6;93,2;81,7;99,5;88,2;121,1;87,7;86,7;81,9;52,9;81,3;110;
nov/05;81,7;100,3;85;53,5;134,9;121,2;155,1;117,5;89,3;;89,4;92,7;95,9;75,4;92,1;81,3;96,2;88,3;126,6;88;87,5;85,1;52;94,8;112,4;
dez/05;82,4;88,5;93,5;51,6;108,3;79,5;125,6;102,6;90,8;;86,7;90;87,6;72,7;85,2;79,2;95,3;82,2;114,9;84;79,5;75,8;47,6;88,5;102,6;
jan/06;83,8;81,9;74,9;61,5;121,4;75,1;127;113,7;90,4;;88,2;89,5;84,6;48;89,9;80,2;94,6;83;104,6;83,3;75,5;74,8;47,8;70,2;98,9;
fev/06;76;74,6;73,2;97,3;124;86,6;114,5;108,5;82;;79,7;77,9;74,5;74;87,3;74,6;84,7;82,2;105,5;80,7;80,2;78,2;46,2;66,5;86,9;
mar/06;86,2;84;75,9;172,3;139,7;104,7;136,1;115,8;91,5;;89,7;92;87,2;85,6;99,1;82,2;95,6;96,3;138;93,9;92,1;91,1;53,6;84,6;111,4;
abr/06;83,1;79;69,7;188,6;125,7;95,2;115,9;112,5;88,6;;88,7;86,4;82,7;68,4;89,1;76,2;94;81,4;124,7;83,6;78,3;79;48,5;72,2;84,2;
mai/06;89,7;98,8;71;235,9;139,2;105,7;130,5;114;90,5;;96,8;94;87,2;82,5;96,1;84,5;99,6;90,6;131,2;91,6;87;93,8;58,1;85,4;103,4;
jun/06;84,5;102,4;66,9;216,1;130,1;97,4;113,7;112;86,2;;95,5;88,9;81,4;80,1;92,1;80,5;96;84,9;122,5;86,5;84,8;86,2;49,9;79,9;100;
jul/06;89,6;107,4;70,7;192,7;135,8;106,8;119,7;108;90,7;;98,4;91,3;88;77,3;92,3;83,3;102,5;89,6;125,3;86,7;84,7;87,1;45,4;76,3;105,4;
ago/06;89,8;112,3;77,3;140,8;141,7;119,6;142,6;112,9;90,5;;98,4;93,7;99;83,3;99,5;87,4;104,4;94,9;127,9;93,2;94,6;93,5;62;92,1;117,1;
set/06;87,6;107,4;82,6;57,8;132,7;114,2;137,6;110,8;89,9;;94,4;92,2;98,6;77,2;93,7;84,4;101,9;88,4;133,5;86,8;87,5;79,1;49,7;93,1;103,5;
out/06;90,1;108,2;85,9;58,3;139,2;123,9;148,9;109,9;91,3;;93,8;100,5;106,2;83,6;97,7;86,8;104,9;92,1;137,4;98,8;93,8;86,9;52,4;100,6;116,6;
nov/06;88,9;101,2;92,5;56,5;132,3;122,4;158,6;108,9;90;;89,2;97,6;100,6;83,8;94,5;85,1;99,7;89,9;149;98,3;90,9;85;59;111,5;110,3;
dez/06;89;87,9;101,6;51,3;103,6;75;119,5;100,6;90,7;;87,8;89;89,5;71,2;84;80,8;97,3;80,8;115,3;86,8;79,1;72,5;45,3;95,7;97,3;
jan/07;88,1;86,6;84,6;60,4;116,8;73,5;112,9;103,7;91,7;;83,3;94,2;87,2;54,6;91,1;80;101,9;81,5;106,6;97,2;85,9;80,7;56,2;80,3;99,7;
fev/07;80,8;78,1;73,9;94,3;121,8;85,9;112,2;104;82,8;;79;84,2;79,8;69;85,2;78,1;92,4;84,7;109,2;88,3;86,5;79,7;48,4;76,3;86;
mar/07;91;87,5;79,9;192,8;139,7;102,2;124,4;111,9;91,3;;92,2;105,1;89;74,3;99,8;87,6;105,6;97,4;132,4;107,4;101,8;98,7;62;93;108,3;
abr/07;87,7;82,8;78;205,6;129,4;95,4;117,3;102,6;87,1;;88,5;93;87;68,5;92,2;83,5;100,8;88,9;120,3;99,6;92,9;88,2;53,7;85,5;91,1;
mai/07;92,6;100,3;76,8;233,4;141,7;114,4;125,3;114,1;89,7;;96,6;100,1;90,9;86,9;101,6;88;106,8;96,8;131,9;105,6;105,4;103,7;64,4;91,8;102,1;
jun/07;91,8;102,4;69,3;193,4;134,9;107,7;115,1;107,3;91,1;;99;99,3;90,1;88;96,9;85,7;103,2;94,3;121,4;97,5;102,9;97,1;58,4;81,2;99;
jul/07;96;106;70,8;153,1;139,4;115,1;119,3;111,7;93,8;;100,2;93,1;99,1;83;101,1;89,6;106,6;95;128,8;99,2;101,3;103;61,9;86,9;110,1;
ago/07;95,9;115,5;81,1;103;143,3;126,2;141,6;116,8;91,6;;102,8;98;104,9;90,2;106,1;91,6;108,6;101;134,6;106,7;112,4;109,6;77,2;94,3;114,5;
set/07;91,1;108,6;82,4;52;135;119,6;134,5;110,7;83,5;;100,5;92;100,6;77,7;99,1;86,3;105,4;92,3;134,3;101,2;102;97,3;64;87,1;104,9;
out/07;93,9;115,4;92,8;58,9;145,3;138,4;159,4;111,2;94,4;;103,9;100,2;113,5;81,8;110,1;94;111,3;100,3;155,7;119,6;115,4;113;57,2;102,5;116;
nov/07;92;101,5;96,5;57,4;136,7;131,7;158,7;101,9;91,6;;94,3;98,8;104,2;83,2;106,2;89,3;107,3;95,6;162,8;114,2;109,9;104,7;55,7;103,8;111,5;
dez/07;98,6;89,7;106,7;52,4;108,9;78,9;109,1;94,2;93,1;;93,9;90,5;94,2;74,7;91,4;84,2;104,5;85,5;132;93,2;100,7;81,7;45;92,9;88,5;
jan/08;95,1;90,5;90,8;62,4;115,1;85,4;112,6;100;94,9;;90;95,6;98,6;62,4;101;88,8;108,6;90,8;108,7;102,4;97,7;99,8;70,6;83,8;99,4;
fev/08;88,6;82,9;74,5;92,1;127,7;92,7;117,3;104,2;90,5;;84,5;87,8;89,8;52,9;95,6;83,6;103,3;92,8;120,3;99,1;106,4;99;65,5;82;88,3;
mar/08;94;85,4;74,4;162,6;133,8;105,2;119,5;107;95;;84,2;95,9;91,7;73,5;101,3;91,7;111,4;96,3;132,1;107,1;114,1;110,2;76,1;79,6;101,5;
abr/08;91,4;88,8;74,9;198,5;135,7;112,5;117,8;100,8;92,8;;88,4;95,4;86,7;88;105,3;90,3;110,1;99,6;137,8;105,8;112,5;112,6;83,2;88,1;99,8;
mai/08;99,6;100,7;76;184,5;131,9;113;110,6;99,9;97,3;;101,2;91,7;91,3;93,7;106,6;92,6;111,8;97,5;130,3;102,5;111,3;110,6;80;85,3;95;
jun/08;98,5;102,2;73,2;175,9;132,5;114,5;104;98,8;96,3;;101,6;91,8;93,7;91,8;107,7;95,1;111,7;99,7;137,7;100,9;112,6;115,9;81,5;84,6;107,1;
jul/08;104,3;110,6;73,8;176,4;140,8;127,9;116,9;96,5;99,4;;105,4;88,6;106,9;97;112,5;100,3;117,3;106,2;138,7;104,4;117,4;120,5;80;89,6;117;
ago/08;104,1;107,2;79,4;83,2;137,7;126,8;128,7;96,8;95;;101;88,6;104,5;105,8;111,5;102,6;116,8;99,5;128,8;110,8;116,4;120,5;89,3;89;111,2;
set/08;99,9;109,4;85,3;56;135,9;135,7;135,8;91,6;95,7;;102,1;88,4;101,9;100,8;108,1;101,2;112,8;99,7;139,8;114,9;125,8;116,5;92,5;95,4;116,2;
out/08;100,8;111,5;92,5;59,2;139,8;139,7;140,7;96,6;98,2;;93,9;98,9;95,8;105,2;105,2;104;115,2;101,2;152,1;120,6;125;116,5;93,7;98;123,1;
nov/08;87,8;101,8;94,2;59,3;124;124,4;128,8;86,5;89,7;;94;93,7;90,3;95,7;88,6;92,4;97,7;87,7;127,2;105,7;103,4;85,1;96,3;91,1;103,5;
dez/08;77,5;89,7;106,8;50,4;88,9;77,1;93,4;80,4;91,8;;92,1;77,3;73,7;83,8;62,9;81,1;78,9;70;71,1;88,4;73,7;40;92,9;80,8;86,3;
jan/09;77,6;85,3;88,3;59,3;104,9;73,6;87;77;89,9;;83,9;88,8;69;61,1;77,5;82,9;74,3;69,7;69,2;83,7;66,6;65,7;98,3;69,5;76,8;
fev/09;71,8;79,3;77,8;86,3;105,6;82,5;93,1;71,8;84,5;;79,7;83,2;69,7;62;74;76,9;70,6;68,7;76,1;78,9;63,7;69,6;83,9;66,2;70,9;
mar/09;84,2;87;86,7;155,9;121;101,4;101,7;82,6;90;;91,2;98,8;82,7;91,1;84,8;86,4;78,8;81,1;95,1;85,7;74,8;90,1;85,7;76,5;94,1;
abr/09;80,8;87,3;79,9;200,9;114,7;97,7;96,9;75,3;87,7;;86;92,6;78,3;86,2;84,2;81,9;79,5;81,4;85,1;84,3;65,8;85,2;83,6;72,4;81,9;
mai/09;85,4;98,6;80,4;189,7;119,9;103,6;97,5;79,4;92,1;;96,7;98,9;83;107,1;86,4;87,8;84,5;78,7;96;87,1;70,4;91,3;86,6;75,7;84,9;
jun/09;89,1;99,9;74,8;178,9;117,5;108,7;89,3;74,2;91,7;;97,9;94;90,9;103,5;89,3;87;86,3;78,1;101,7;89;70,6;94,4;82,7;77,9;92,9;
jul/09;93,6;107,2;78,3;166;129,6;118,4;103,5;79,6;96,8;;99,4;97,9;99,8;107;98,8;95,4;94,2;84,9;111,4;96,6;77,5;95,3;85,7;84,1;101,9;
ago/09;93,4;107,6;85,6;95,4;126,3;125,6;113,3;80,8;96,6;;104,3;95;103,2;111,9;100,1;94,9;98,1;84;115,5;100,7;83,8;98,7;87,6;89;103,5;
set/09;90,5;106,4;91,3;49,1;129,1;118,3;126,3;79;95,7;;97,2;99,3;107,2;100,7;98,8;93,4;99;85;125,5;105,2;89,6;97,5;89,9;89,6;118,5;
out/09;92,8;111,6;103,9;51,2;137,1;131,3;140,8;86,3;99,3;;98,7;104,3;106,1;108;105,7;98,7;103,5;87,6;131;116,6;95,9;111,4;89,2;100,7;117,8;
nov/09;88,8;101,9;102,9;49,6;130,7;128,1;141,2;87,3;95;;97,4;100,6;97,5;98,8;101;94,5;100,8;84,4;133,6;112,2;101,8;105,4;82,2;98,6;111,2;
dez/09;92,4;89,2;116,1;46;99,9;80,6;112,6;80,6;96,9;;97,3;91,5;89,1;97,4;93,2;91,8;98,3;90,1;97,6;100,2;95,3;91,8;69,7;94,6;93,3;
jan/10;94,2;84,2;103;50,1;113;82,7;101,9;80;95,5;;90,1;94;91,8;64,4;96,1;89,3;99,4;99,6;84;101,7;87;92,8;78,6;85,3;88,2;
fev/10;86,8;79,3;89,8;79,9;119,2;83,4;105,4;77,9;88,2;;81,3;88,3;88,4;93,8;92,1;86;95,5;99,2;92,9;97,1;93,5;94,5;73,2;84,4;85,8;
mar/10;97;94,5;103,2;149,5;143,4;116,4;125,6;95,3;101,5;;81,4;106,9;102;108,7;106,6;98,1;108;114,4;123,5;117,3;114,7;122,4;85,8;104,9;111,7;
abr/10;95;94,7;89;161,5;127,6;109,2;114,1;94;92,7;;91,2;97;91,2;94,5;101,8;93,8;103,9;106,6;110,7;108,4;101,7;111,8;81,8;85,9;98;
mai/10;98,8;106,1;90,5;172,2;130,6;120,7;111,8;98,6;98,5;;96,5;101,5;93,7;101,5;104,8;100,4;109,5;104,6;121,5;101,6;105,1;117;86,4;89,6;109,9;
jun/10;97,4;108,3;90,2;160,1;128,5;114;100,1;93,6;94,5;;101;93,4;93;94;103,7;96,8;109,2;96,7;112,6;93,8;108,8;114,9;79,7;78;109,5;
jul/10;103,2;115,2;89;155,8;131,9;125,6;113,8;96,8;102,2;;106,4;92,6;103,5;104,6;105,9;101,1;113;97,3;116,7;90,3;105;119,6;84,8;88,7;112,8;
ago/10;103,4;118;90,1;85,3;130,1;129,8;127,5;96,1;97,8;;101;97,3;109,6;101;108,8;103;108,3;99,7;118,7;101,3;113;124,7;94,2;92,2;120,5;
set/10;102,8;112,2;100,5;51,6;128;129,8;128;96,6;97,4;;95,9;98,7;107;105,6;105;101,6;103,2;95,2;115,8;100,4;113,1;116,1;92,6;97,9;114,8;
out/10;100,8;109,7;108,2;52,3;127,4;135,1;129,9;95,6;100,8;;97,5;103,4;111,2;103,4;108,5;103,5;107,2;99,3;117,9;105,6;111,9;119;92,8;99;117;
nov/10;99,1;103,4;109,3;53,6;123,5;135,3;134,1;96,5;99,4;;98,1;100,8;102,9;101,1;104,1;99,9;104,8;97,6;134;109,6;112;119,8;95,8;109,1;112;
dez/10;102;87,9;122,9;49,4;94,4;83,2;98,6;87,7;97,6;;97,9;90,8;91,8;88,3;95,1;98,1;94,5;89,6;92,5;98,1;103,9;102,8;78,3;101,6;98,8;
jan/11;99,4;83,6;99,2;53;99,3;90,4;89,8;85,7;97,7;;88,9;96,5;91,6;69,1;99,5;92,5;99,9;94;91,8;101,9;96,5;100,2;87,9;83,3;99,1;
fev/11;90,7;84,3;94,3;64,2;111,8;103,3;99,8;86,3;91,6;;82,7;90,8;82,3;99,5;98,4;92,8;98,5;110,4;105,2;103,1;106,3;118,5;90,6;88,8;110,2;
mar/11;97;92,4;93,2;125,6;118,2;110,9;116,4;97,1;102,4;;92,6;98;95,2;116,1;107,1;100,5;111,8;116,6;118,3;110,9;116,8;122,2;90,7;86,1;108,2;
abr/11;96,5;86,8;86,5;183,9;106,1;109,5;101,1;92,7;94;;88,1;90;88,7;111,1;99,4;98,2;106,5;102,1;108,7;94,1;98,1;110,9;89,8;82,9;98,7;
mai/11;101,7;105,9;86,4;207;111,3;120,4;107,3;95,1;99;;104,3;98,7;94,3;108,2;105,8;104,9;110,2;116,4;124,2;104,9;107,5;123,8;97,8;94;110,3;
jun/11;101,2;106,4;80,6;193,8;105;112,3;89;88,2;96,4;;95,8;93,3;94,2;103,9;102,8;102,4;105,4;101,3;121,2;97,1;105,7;117,6;89,3;89,4;123,3;
jul/11;104,2;114,7;88,6;183,1;104,7;110,8;100,2;91;99,4;;100,5;88,3;98,7;91,1;104,9;104;105,7;100,2;120,5;92,4;102,9;123,4;89;93,2;109,6;
ago/11;104,3;117,7;96,6;152,3;109,3;123,4;118,6;98;100,6;;101,3;98,6;103,6;104,9;106,6;106,5;108,2;105;124,6;104,9;116,4;131,7;107;101,3;120,6;
set/11;101,4;116,3;105,6;62,7;103,8;117,6;114,2;95;96,7;;99,4;94,8;107,1;95,8;100,6;104,7;104,8;95,9;120,7;99,5;106,8;108,5;94,8;101,5;108;
out/11;102,7;109,8;113,9;54,6;105,7;121,7;113,7;95;103;;102,6;101,3;108,8;109,8;103,3;105,7;105,6;98;119,7;100,9;103,2;111,5;93,4;101,9;108,5;
nov/11;102,6;103,6;112,8;54,3;105,9;129,6;115,9;94;100,4;;94,2;103,9;104,1;98,9;100,7;101;100,8;100,4;118,2;100,1;109,2;114,2;95,8;109;104,5;
dez/11;104,2;92,5;126,7;50,7;77,5;64,2;79,2;85,3;101,3;;93,7;93,5;92;88,5;88,5;95,4;94,1;89,4;88;98,7;97,3;104,2;79,3;103,4;95,3;
jan/12;92,4;81,4;96,3;68,7;90,3;76,5;81,3;93,3;96,3;93,4;91,2;95,8;94,2;69,6;97,6;93,7;95,2;92,8;89,7;95,6;95,6;73,3;103,4;91,2;85;98,3
fev/12;93,6;77,4;92,6;71,7;97,2;85;97,4;96,3;94,2;99,4;88,4;93,4;89,5;90,2;92,1;94,9;95,2;92;90,5;98,7;97,7;86,1;100,2;88,2;83,9;92,8
mar/12;98,6;83,1;101,3;112,3;105,4;99,5;108,8;105;100,4;97,1;90,5;104,4;95;110,7;105,9;103,6;103,8;103;98,2;103,2;112;112,6;111,3;102,1;99,9;102
abr/12;96,2;77,5;88,8;139,9;95,3;94,1;97,6;97,7;96,9;93,3;92,3;96,5;89,2;91,9;97,1;96,5;99,5;95,3;93,6;95,2;93,7;96;98,2;92;100,4;102,1
mai/12;104,3;100,3;89,7;138,5;106,1;99,9;102,4;104,1;100,2;94,1;102,4;104,1;95,3;99,2;106;104,2;103,8;104,6;106,1;101,7;105,1;103,5;108,1;105,8;108,6;105,6
jun/12;100,5;97,2;85,9;128,5;99,8;97,6;88,5;97,8;97,1;99;101,9;99,7;94,8;104,7;96,9;98;100,3;99,1;96,9;92,6;104,8;94,5;102,2;96,9;99,9;101,4
jul/12;103,9;116,6;85,1;136,4;103,6;107,3;102,1;103,6;101,9;98,9;106;103,3;102,6;97,9;99,9;102,7;103,7;101,9;104,2;97,7;101;106,7;82,6;99;104,5;102,2
ago/12;104;127,2;101,6;128,2;108,8;113,7;109,3;105;103;96;110,5;104,9;112,5;112,7;106;107,4;104,1;109,2;119,1;106,1;106,4;116,5;117,5;106,5;118,3;106,2
set/12;97,5;115,6;103,7;74,3;99,6;103,4;107;99;100,2;107,1;106,9;95,4;111;107;99,8;100,9;99,5;99,1;108,7;96,8;96,4;100,3;105,3;96,1;99,4;95,8
out/12;108,1;124,2;110,8;72,3;110,2;119,9;118,6;106,5;106,1;118,9;106,6;103,9;115,9;117,3;106,4;105,6;107,4;110,7;117,9;109,7;104,7;115,1;101,4;112,6;112,7;101,9
nov/12;97,3;111,2;118,2;67;105,2;119,5;112,7;100,8;103,7;114,6;101,7;104,1;108,3;107,3;102,8;98,6;98,5;104,7;108,6;107,7;97,4;107,6;98,8;114;103,9;95,6
dez/12;103,5;88,3;126;62,2;78,5;83,4;74,4;90,8;100;88,2;101,6;94,5;91,7;91,6;89,6;93,8;89,1;87,5;66,6;95;85,3;87,8;71,1;95,5;83,4;96,2
jan/13;94,3;83,6;108,7;29,4;93,8;81,1;89,9;97,9;100,2;87,5;101,9;102,6;99;81,4;97,2;96,2;95,7;98,2;83,4;98,7;91,7;103,9;95,2;97,8;85,7;92,1
fev/13;85,4;75,2;91,1;43,2;93,6;79,2;98,4;93,7;91;85,8;89,2;97;91,8;86,3;90,9;92,2;90,8;89,6;88,6;94,4;97,8;93,3;91,2;86,5;92,6;86,7
mar/13;89,6;78,1;95,5;96,5;102,4;94,8;107,4;97,8;99,3;90,1;101,7;105,5;96;104,2;101,8;102,5;101,3;97,2;103,3;107,4;105,8;114,2;101,2;101,6;94,6;96,4
abr/13;90,6;89,4;88,2;146,4;105,8;104,6;111,9;106,3;98,8;100,6;103,5;110,7;96,3;99,1;103,6;103,2;103,8;99,5;108,4;113,8;105,9;122,5;108,2;106;105,7;93,9
mai/13;95,5;104,8;90,2;138,2;105,1;104,2;100,8;104;99,4;99,3;113,9;106;101,9;103,6;104,5;105,2;106,6;100,6;101,5;99,6;104,3;119,3;104,8;99,8;106,3;96,4
jun/13;97,1;99,1;81,9;132,6;100,4;99,6;90,2;99;98,3;89,4;106,6;101,6;103;114,3;99,9;100,7;102,6;98,1;102,5;100;103,5;114;101,2;92,6;105,4;97,4
jul/13;100,6;117,3;91,6;143;104,4;108,2;108,1;105,4;100,7;81,1;116,1;104,9;109,8;101;104;106,6;102;105,2;109,4;105,3;107,9;115;97,1;99,4;113,5;100,3
ago/13;101,9;126,8;97;100,5;106,2;112,2;113,8;104,9;100,6;104,5;116,5;102,1;117,5;101,3;106,2;108,2;104;103,7;115;110,8;111,1;121,8;109,9;106,8;120,1;107,4
set/13;97,2;118,8;100,2;66,7;101,3;109,1;112,8;102,1;99,2;98,5;105,4;108,1;115,6;107,5;102,2;103,2;100,6;100,9;111,9;104,7;108,7;114,2;110,6;105,8;127,5;104,1
out/13;104;118,2;103,1;72,4;110,6;120,7;128,1;112,1;107,1;125,5;109;118;117,7;103,7;108,3;109,9;106,2;108,4;125,4;112,7;117,7;117,8;117,6;114,6;130,8;109,5
nov/13;100,2;107,6;107,8;71,5;102,7;110,8;115,9;107,5;101,2;101,6;110,7;112,5;110,8;106,8;103,6;104,3;100,3;99,4;122,1;103,5;106,8;105,4;109;112,8;118,7;103,3
dez/13;99,9;88,9;119,5;61;76,6;68,9;74,3;93,8;97,5;82,1;104,1;98,7;97,1;83,9;85,9;94,2;86,5;80;83,9;87,5;87,6;73,6;76,2;96,7;93,3;84,8
jan/14;96,2;82,8;102,6;33,6;86,2;79,9;82,3;100,5;97,9;86,5;97,7;107,6;99,5;82,8;96,9;97;91,6;85,7;105,5;94,1;96,7;90,3;103;91,6;89,4;99,2
fev/14;86;76,9;97,6;46,1;91,8;92,3;95,1;98,6;90;83,7;89,6;104,9;90,2;102,7;96,9;96;92,4;89,1;119,9;95,3;103,6;103,7;102,8;93,8;95,8;96,2
mar/14;96,8;82,1;102,7;83,6;97,4;93,5;103,4;102;99,2;84,8;105,8;108,6;93;109,5;102,4;101;103,4;89,4;118,1;99,2;97,8;98;101;89,7;90;97,5
abr/14;95;86,2;90,9;115,3;93,2;95,4;98,8;97,8;96,7;85,5;106,9;108,5;87,9;103,7;98,5;96,4;97,2;89;113,2;97,7;94,6;96;107,2;89,8;94,8;103,5
mai/14;101,6;107,6;93,1;138,4;100,6;99,9;96,3;99,1;97,9;85,9;110,8;114,7;96,5;109,4;100,2;103,4;95,5;91,6;106;98,3;100,5;95,5;106,9;89,7;95,6;106,7
jun/14;99,9;107,4;89,2;128,8;88,5;86,6;85,6;92,9;95;81,7;117,1;103,7;96,7;100,1;88,4;94,7;89,7;82,7;75,3;81,5;89,2;72,9;82,9;79,5;95,8;101
jul/14;106,4;116,4;92,6;140,6;100,1;105,9;103,7;101,6;101,3;97,6;119,1;110;107,6;108;93,4;102,7;92,9;92,6;103,7;97,3;98,8;89,6;109,4;92,8;111,1;102,6
ago/14;109,6;121,7;90,7;135,2;100;106,1;107,4;99,7;101,6;92,2;122,1;105,3;112;100,4;97,4;105;92,8;91,9;98,8;101,4;104,5;92,5;106,3;94;107,7;101,5
set/14;106,5;111,7;96,5;77;100,6;109,8;115,7;104,5;100,6;111,8;113;108,9;112;114,3;100,9;103,9;94,4;91,3;101,7;100,2;106,7;99,7;104,5;101,7;119,6;103,1
out/14;110,7;117,7;102,1;68,2;104,6;113,7;121,5;106,2;103,9;111,7;115,8;117;112,5;101,3;104,7;105;97,7;95,2;115,1;106,4;109,2;101,3;111,1;109;119,3;108,7
nov/14;104,4;97;106,3;64,9;95,8;103,1;110,2;97,8;101,6;102,1;108,6;108,9;104,9;102,2;98,9;99,1;88,9;88,1;99,6;94,8;96,9;90,5;104,1;107,7;121,8;101,4
dez/14;109,2;83,3;123,5;53,6;65,6;69,1;79,3;91,1;100,2;80,4;103;103,8;95,2;84,6;83,8;89,9;76,4;74,9;64;82,9;81,7;65;79,9;92,3;88,3;95,1
